"City Name","Month -Year","Monthly mean/average concentration - PM2.5","Monthly mean concentration - PM10","Monthly mean concentration - NO2","Monthly mean concentration - SO2","Monthly mean concentration - O3","No of AQM Sensors / Environmental sensors deployed",""
"Coimbatore","Dec 2018","47.00","59.00","17.20","4.80","NA","NA",""
"","Nov 2018","39.00","78.00","19.80","5.50","NA","NA",""
"","Oct 2018","25.00","56.00","22.20","4.30","NA","NA",""
"","Sept 2018","20.00","46.00","25.10","4.20","NA","NA",""
"","Aug 2018","19.00","39.00","25.20","4.00","NA","NA",""
"","Jul 2018","17.00","33.00","25.10","4.70","NA","NA",""
"","Jun 2018","15.00","31.00","21.50","4.00","NA","NA",""
"","May 2018","20.00","36.00","20.00","4.00","NA","NA",""
"","Apr 2018","21.80","55.00","20.70","6.40","NA","NA",""
"","Mar 2018","36.00","54.70","15.00","4.40","NA","NA",""
"","Feb 2018","45.00","72.00","19.00","4.00","NA","NA",""
"","Jan 2018","39.00","66.00","19.40","4.30","NA","NA",""
"","Dec 2017","NA","NA","NA","NA","NA","NA",""
"","Nov 2017","NA","NA","NA","NA","NA","NA",""
"","Oct 2017","NA","NA","NA","NA","NA","NA",""
"","Sept 2017","NA","NA","NA","NA","NA","NA",""
"","Aug 2017","NA","NA","NA","NA","NA","NA",""
"","Jul 2017","NA","NA","NA","NA","NA","NA",""
"","Jun 2017","NA","NA","NA","NA","NA","NA",""
"","May 2017","NA","NA","NA","NA","NA","NA",""
"","Apr 2017","NA","NA","NA","NA","NA","NA",""
"","Mar 2017","NA","NA","NA","NA","NA","NA",""
"","Feb 2017","NA","NA","NA","NA","NA","NA",""
"","Jan 2017","NA","NA","NA","NA","NA","NA",""
"","","","","","","","",""
"","","","","","","","",""
"","","","","","","","",""
"","","","","","","","",""
"","","","","","","","",""
"","","","","","","","",""
"","","","","","","","",""
"","","","","","","","",""
"","","","","","","","",""
"","","","","","","","",""
"","","","","","","","",""
"","","","","","","","",""
"","","","","","","","",""
"","","","","","","","",""
"","","","","","","","",""
"","","","","","","","",""
"","","","","","","","",""
"","","","","","","","",""
"","","","","","","","",""
"","","","","","","","",""
"","","","","","","","",""
"","","","","","","","",""
"","","","","","","","",""
"","","","","","","","",""
"","","","","","","","",""
"","","","","","","","",""
"","","","","","","","",""
"","","","","","","","",""
"","","","","","","","",""
"","","","","","","","",""
"","","","","","","","",""
"","","","","","","","",""
"","","","","","","","",""
"","","","","","","","",""
"","","","","","","","",""
"","","","","","","","",""
"","","","","","","","",""
"","","","","","","","",""
"","","","","","","","",""
"","","","","","","","",""
"","","","","","","","",""
"","","","","","","","",""
"","","","","","","","",""
"","","","","","","","",""
"","","","","","","","",""
"","","","","","","","",""
"","","","","","","","",""
"","","","","","","","",""
"","","","","","","","",""
"","","","","","","","",""
"","","","","","","","",""
"","","","","","","","",""
"","","","","","","","",""
"","","","","","","","",""
"","","","","","","","",""
"","","","","","","","",""
"","","","","","","","",""
"","","","","","","","",""
"","","","","","","","",""
"","","","","","","","",""
"","","","","","","","",""
"","","","","","","","",""
"","","","","","","","",""
"","","","","","","","",""
"","","","","","","","",""
"","","","","","","","",""
"","","","","","","","",""
"","","","","","","","",""
"","","","","","","","",""
"","","","","","","","",""
"","","","","","","","",""
"","","","","","","","",""
"","","","","","","","",""
"","","","","","","","",""
"","","","","","","","",""
"","","","","","","","",""
"","","","","","","","",""
"","","","","","","","",""
"","","","","","","","",""
"","","","","","","","",""
"","","","","","","","",""
"","","","","","","","",""
"","","","","","","","",""
"","","","","","","","",""
"","","","","","","","",""
"","","","","","","","",""
"","","","","","","","",""
"","","","","","","","",""
"","","","","","","","",""
"","","","","","","","",""
"","","","","","","","",""
"","","","","","","","",""
"","","","","","","","",""
"","","","","","","","",""
"","","","","","","","",""
"","","","","","","","",""
"","","","","","","","",""
"","","","","","","","",""
"","","","","","","","",""
"","","","","","","","",""
"","","","","","","","",""
"","","","","","","","",""
"","","","","","","","",""
"","","","","","","","",""
"","","","","","","","",""
"","","","","","","","",""
"","","","","","","","",""
"","","","","","","","",""
"","","","","","","","",""
"","","","","","","","",""
"","","","","","","","",""
"","","","","","","","",""
"","","","","","","","",""
"","","","","","","","",""
"","","","","","","","",""
"","","","","","","","",""
"","","","","","","","",""
"","","","","","","","",""
"","","","","","","","",""
"","","","","","","","",""
"","","","","","","","",""
"","","","","","","","",""
"","","","","","","","",""
"","","","","","","","",""
"","","","","","","","",""
"","","","","","","","",""
"","","","","","","","",""
"","","","","","","","",""
"","","","","","","","",""
"","","","","","","","",""
"","","","","","","","",""
"","","","","","","","",""
"","","","","","","","",""
"","","","","","","","",""
"","","","","","","","",""
"","","","","","","","",""
"","","","","","","","",""
"","","","","","","","",""
"","","","","","","","",""
"","","","","","","","",""
"","","","","","","","",""
"","","","","","","","",""
"","","","","","","","",""
"","","","","","","","",""
"","","","","","","","",""
"","","","","","","","",""
"","","","","","","","",""
"","","","","","","","",""
"","","","","","","","",""
"","","","","","","","",""
"","","","","","","","",""
"","","","","","","","",""
"","","","","","","","",""
"","","","","","","","",""
"","","","","","","","",""
"","","","","","","","",""
"","","","","","","","",""
"","","","","","","","",""
"","","","","","","","",""
"","","","","","","","",""
"","","","","","","","",""
"","","","","","","","",""
"","","","","","","","",""
"","","","","","","","",""
"","","","","","","","",""
"","","","","","","","",""
"","","","","","","","",""
"","","","","","","","",""
"","","","","","","","",""
"","","","","","","","",""
"","","","","","","","",""
"","","","","","","","",""
"","","","","","","","",""
"","","","","","","","",""
"","","","","","","","",""
"","","","","","","","",""
"","","","","","","","",""
"","","","","","","","",""
"","","","","","","","",""
"","","","","","","","",""
"","","","","","","","",""
"","","","","","","","",""
"","","","","","","","",""
"","","","","","","","",""
"","","","","","","","",""
"","","","","","","","",""
"","","","","","","","",""
"","","","","","","","",""
"","","","","","","","",""
"","","","","","","","",""
"","","","","","","","",""
"","","","","","","","",""
"","","","","","","","",""
"","","","","","","","",""
"","","","","","","","",""
"","","","","","","","",""
"","","","","","","","",""
"","","","","","","","",""
"","","","","","","","",""
"","","","","","","","",""
"","","","","","","","",""
"","","","","","","","",""
"","","","","","","","",""
"","","","","","","","",""
"","","","","","","","",""
"","","","","","","","",""
"","","","","","","","",""
"","","","","","","","",""
"","","","","","","","",""
"","","","","","","","",""
"","","","","","","","",""
"","","","","","","","",""
"","","","","","","","",""
"","","","","","","","",""
"","","","","","","","",""
"","","","","","","","",""
"","","","","","","","",""
"","","","","","","","",""
"","","","","","","","",""
"","","","","","","","",""
"","","","","","","","",""
"","","","","","","","",""
"","","","","","","","",""
"","","","","","","","",""
"","","","","","","","",""
"","","","","","","","",""
"","","","","","","","",""
"","","","","","","","",""
"","","","","","","","",""
"","","","","","","","",""
"","","","","","","","",""
"","","","","","","","",""
"","","","","","","","",""
"","","","","","","","",""
"","","","","","","","",""
"","","","","","","","",""
"","","","","","","","",""
"","","","","","","","",""
"","","","","","","","",""
"","","","","","","","",""
"","","","","","","","",""
"","","","","","","","",""
"","","","","","","","",""
"","","","","","","","",""
"","","","","","","","",""
"","","","","","","","",""
"","","","","","","","",""
"","","","","","","","",""
"","","","","","","","",""
"","","","","","","","",""
"","","","","","","","",""
"","","","","","","","",""
"","","","","","","","",""
"","","","","","","","",""
"","","","","","","","",""
"","","","","","","","",""
"","","","","","","","",""
"","","","","","","","",""
"","","","","","","","",""
"","","","","","","","",""
"","","","","","","","",""
"","","","","","","","",""
"","","","","","","","",""
"","","","","","","","",""
"","","","","","","","",""
"","","","","","","","",""
"","","","","","","","",""
"","","","","","","","",""
"","","","","","","","",""
"","","","","","","","",""
"","","","","","","","",""
"","","","","","","","",""
"","","","","","","","",""
"","","","","","","","",""
"","","","","","","","",""
"","","","","","","","",""
"","","","","","","","",""
"","","","","","","","",""
"","","","","","","","",""
"","","","","","","","",""
"","","","","","","","",""
"","","","","","","","",""
"","","","","","","","",""
"","","","","","","","",""
"","","","","","","","",""
"","","","","","","","",""
"","","","","","","","",""
"","","","","","","","",""
"","","","","","","","",""
"","","","","","","","",""
"","","","","","","","",""
"","","","","","","","",""
"","","","","","","","",""
"","","","","","","","",""
"","","","","","","","",""
"","","","","","","","",""
"","","","","","","","",""
"","","","","","","","",""
"","","","","","","","",""
"","","","","","","","",""
"","","","","","","","",""
"","","","","","","","",""
"","","","","","","","",""
"","","","","","","","",""
"","","","","","","","",""
"","","","","","","","",""
"","","","","","","","",""
"","","","","","","","",""
"","","","","","","","",""
"","","","","","","","",""
"","","","","","","","",""
"","","","","","","","",""
"","","","","","","","",""
"","","","","","","","",""
"","","","","","","","",""
"","","","","","","","",""
"","","","","","","","",""
"","","","","","","","",""
"","","","","","","","",""
"","","","","","","","",""
"","","","","","","","",""
"","","","","","","","",""
"","","","","","","","",""
"","","","","","","","",""
"","","","","","","","",""
"","","","","","","","",""
"","","","","","","","",""
"","","","","","","","",""
"","","","","","","","",""
"","","","","","","","",""
"","","","","","","","",""
"","","","","","","","",""
"","","","","","","","",""
"","","","","","","","",""
"","","","","","","","",""
"","","","","","","","",""
"","","","","","","","",""
"","","","","","","","",""
"","","","","","","","",""
"","","","","","","","",""
"","","","","","","","",""
"","","","","","","","",""
"","","","","","","","",""
"","","","","","","","",""
"","","","","","","","",""
"","","","","","","","",""
"","","","","","","","",""
"","","","","","","","",""
"","","","","","","","",""
"","","","","","","","",""
"","","","","","","","",""
"","","","","","","","",""
"","","","","","","","",""
"","","","","","","","",""
"","","","","","","","",""
"","","","","","","","",""
"","","","","","","","",""
"","","","","","","","",""
"","","","","","","","",""
"","","","","","","","",""
"","","","","","","","",""
"","","","","","","","",""
"","","","","","","","",""
"","","","","","","","",""
"","","","","","","","",""
"","","","","","","","",""
"","","","","","","","",""
"","","","","","","","",""
"","","","","","","","",""
"","","","","","","","",""
"","","","","","","","",""
"","","","","","","","",""
"","","","","","","","",""
"","","","","","","","",""
"","","","","","","","",""
"","","","","","","","",""
"","","","","","","","",""
"","","","","","","","",""
"","","","","","","","",""
"","","","","","","","",""
"","","","","","","","",""
"","","","","","","","",""
"","","","","","","","",""
"","","","","","","","",""
"","","","","","","","",""
"","","","","","","","",""
"","","","","","","","",""
"","","","","","","","",""
"","","","","","","","",""
"","","","","","","","",""
"","","","","","","","",""
"","","","","","","","",""
"","","","","","","","",""
"","","","","","","","",""
"","","","","","","","",""
"","","","","","","","",""
"","","","","","","","",""
"","","","","","","","",""
"","","","","","","","",""
"","","","","","","","",""
"","","","","","","","",""
"","","","","","","","",""
"","","","","","","","",""
"","","","","","","","",""
"","","","","","","","",""
"","","","","","","","",""
"","","","","","","","",""
"","","","","","","","",""
"","","","","","","","",""
"","","","","","","","",""
"","","","","","","","",""
"","","","","","","","",""
"","","","","","","","",""
"","","","","","","","",""
"","","","","","","","",""
"","","","","","","","",""
"","","","","","","","",""
"","","","","","","","",""
"","","","","","","","",""
"","","","","","","","",""
"","","","","","","","",""
"","","","","","","","",""
"","","","","","","","",""
"","","","","","","","",""
"","","","","","","","",""
"","","","","","","","",""
"","","","","","","","",""
"","","","","","","","",""
"","","","","","","","",""
"","","","","","","","",""
"","","","","","","","",""
"","","","","","","","",""
"","","","","","","","",""
"","","","","","","","",""
"","","","","","","","",""
"","","","","","","","",""
"","","","","","","","",""
"","","","","","","","",""
"","","","","","","","",""
"","","","","","","","",""
"","","","","","","","",""
"","","","","","","","",""
"","","","","","","","",""
"","","","","","","","",""
"","","","","","","","",""
"","","","","","","","",""
"","","","","","","","",""
"","","","","","","","",""
"","","","","","","","",""
"","","","","","","","",""
"","","","","","","","",""
"","","","","","","","",""
"","","","","","","","",""
"","","","","","","","",""
"","","","","","","","",""
"","","","","","","","",""
"","","","","","","","",""
"","","","","","","","",""
"","","","","","","","",""
"","","","","","","","",""
"","","","","","","","",""
"","","","","","","","",""
"","","","","","","","",""
"","","","","","","","",""
"","","","","","","","",""
"","","","","","","","",""
"","","","","","","","",""
"","","","","","","","",""
"","","","","","","","",""
"","","","","","","","",""
"","","","","","","","",""
"","","","","","","","",""
"","","","","","","","",""
"","","","","","","","",""
"","","","","","","","",""
"","","","","","","","",""
"","","","","","","","",""
"","","","","","","","",""
"","","","","","","","",""
"","","","","","","","",""
"","","","","","","","",""
"","","","","","","","",""
"","","","","","","","",""
"","","","","","","","",""
"","","","","","","","",""
"","","","","","","","",""
"","","","","","","","",""
"","","","","","","","",""
"","","","","","","","",""
"","","","","","","","",""
"","","","","","","","",""
"","","","","","","","",""
"","","","","","","","",""
"","","","","","","","",""
"","","","","","","","",""
"","","","","","","","",""
"","","","","","","","",""
"","","","","","","","",""
"","","","","","","","",""
"","","","","","","","",""
"","","","","","","","",""
"","","","","","","","",""
"","","","","","","","",""
"","","","","","","","",""
"","","","","","","","",""
"","","","","","","","",""
"","","","","","","","",""
"","","","","","","","",""
"","","","","","","","",""
"","","","","","","","",""
"","","","","","","","",""
"","","","","","","","",""
"","","","","","","","",""
"","","","","","","","",""
"","","","","","","","",""
"","","","","","","","",""
"","","","","","","","",""
"","","","","","","","",""
"","","","","","","","",""
"","","","","","","","",""
"","","","","","","","",""
"","","","","","","","",""
"","","","","","","","",""
"","","","","","","","",""
"","","","","","","","",""
"","","","","","","","",""
"","","","","","","","",""
"","","","","","","","",""
"","","","","","","","",""
"","","","","","","","",""
"","","","","","","","",""
"","","","","","","","",""
"","","","","","","","",""
"","","","","","","","",""
"","","","","","","","",""
"","","","","","","","",""
"","","","","","","","",""
"","","","","","","","",""
"","","","","","","","",""
"","","","","","","","",""
"","","","","","","","",""
"","","","","","","","",""
"","","","","","","","",""
"","","","","","","","",""
"","","","","","","","",""
"","","","","","","","",""
"","","","","","","","",""
"","","","","","","","",""
"","","","","","","","",""
"","","","","","","","",""
"","","","","","","","",""
"","","","","","","","",""
"","","","","","","","",""
"","","","","","","","",""
"","","","","","","","",""
"","","","","","","","",""
"","","","","","","","",""
"","","","","","","","",""
"","","","","","","","",""
"","","","","","","","",""
"","","","","","","","",""
"","","","","","","","",""
"","","","","","","","",""
"","","","","","","","",""
"","","","","","","","",""
"","","","","","","","",""
"","","","","","","","",""
"","","","","","","","",""
"","","","","","","","",""
"","","","","","","","",""
"","","","","","","","",""
"","","","","","","","",""
"","","","","","","","",""
"","","","","","","","",""
"","","","","","","","",""
"","","","","","","","",""
"","","","","","","","",""
"","","","","","","","",""
"","","","","","","","",""
"","","","","","","","",""
"","","","","","","","",""
"","","","","","","","",""
"","","","","","","","",""
"","","","","","","","",""
"","","","","","","","",""
"","","","","","","","",""
"","","","","","","","",""
"","","","","","","","",""
"","","","","","","","",""
"","","","","","","","",""
"","","","","","","","",""
"","","","","","","","",""
"","","","","","","","",""
"","","","","","","","",""
"","","","","","","","",""
"","","","","","","","",""
"","","","","","","","",""
"","","","","","","","",""
"","","","","","","","",""
"","","","","","","","",""
"","","","","","","","",""
"","","","","","","","",""
"","","","","","","","",""
"","","","","","","","",""
"","","","","","","","",""
"","","","","","","","",""
"","","","","","","","",""
"","","","","","","","",""
"","","","","","","","",""
"","","","","","","","",""
"","","","","","","","",""
"","","","","","","","",""
"","","","","","","","",""
"","","","","","","","",""
"","","","","","","","",""
"","","","","","","","",""
"","","","","","","","",""
"","","","","","","","",""
"","","","","","","","",""
"","","","","","","","",""
"","","","","","","","",""
"","","","","","","","",""
"","","","","","","","",""
"","","","","","","","",""
"","","","","","","","",""
"","","","","","","","",""
"","","","","","","","",""
"","","","","","","","",""
"","","","","","","","",""
"","","","","","","","",""
"","","","","","","","",""
"","","","","","","","",""
"","","","","","","","",""
"","","","","","","","",""
"","","","","","","","",""
"","","","","","","","",""
"","","","","","","","",""
"","","","","","","","",""
"","","","","","","","",""
"","","","","","","","",""
"","","","","","","","",""
"","","","","","","","",""
"","","","","","","","",""
"","","","","","","","",""
"","","","","","","","",""
"","","","","","","","",""
"","","","","","","","",""
"","","","","","","","",""
"","","","","","","","",""
"","","","","","","","",""
"","","","","","","","",""
"","","","","","","","",""
"","","","","","","","",""
"","","","","","","","",""
"","","","","","","","",""
"","","","","","","","",""
"","","","","","","","",""
"","","","","","","","",""
"","","","","","","","",""
"","","","","","","","",""
"","","","","","","","",""
"","","","","","","","",""
"","","","","","","","",""
"","","","","","","","",""
"","","","","","","","",""
"","","","","","","","",""
"","","","","","","","",""
"","","","","","","","",""
"","","","","","","","",""
"","","","","","","","",""
"","","","","","","","",""
"","","","","","","","",""
"","","","","","","","",""
"","","","","","","","",""
"","","","","","","","",""
"","","","","","","","",""
"","","","","","","","",""
"","","","","","","","",""
"","","","","","","","",""
"","","","","","","","",""
"","","","","","","","",""
"","","","","","","","",""
"","","","","","","","",""
"","","","","","","","",""
"","","","","","","","",""
"","","","","","","","",""
"","","","","","","","",""
"","","","","","","","",""
"","","","","","","","",""
"","","","","","","","",""
"","","","","","","","",""
"","","","","","","","",""
"","","","","","","","",""
"","","","","","","","",""
"","","","","","","","",""
"","","","","","","","",""
"","","","","","","","",""
"","","","","","","","",""
"","","","","","","","",""
"","","","","","","","",""
"","","","","","","","",""
"","","","","","","","",""
"","","","","","","","",""
"","","","","","","","",""
"","","","","","","","",""
"","","","","","","","",""
"","","","","","","","",""
"","","","","","","","",""
"","","","","","","","",""
"","","","","","","","",""
"","","","","","","","",""
"","","","","","","","",""
"","","","","","","","",""
"","","","","","","","",""
"","","","","","","","",""
"","","","","","","","",""
"","","","","","","","",""
"","","","","","","","",""
"","","","","","","","",""
"","","","","","","","",""
"","","","","","","","",""
"","","","","","","","",""
"","","","","","","","",""
"","","","","","","","",""
"","","","","","","","",""
"","","","","","","","",""
"","","","","","","","",""
"","","","","","","","",""
"","","","","","","","",""
"","","","","","","","",""
"","","","","","","","",""
"","","","","","","","",""
"","","","","","","","",""
"","","","","","","","",""
"","","","","","","","",""
"","","","","","","","",""
"","","","","","","","",""
"","","","","","","","",""
"","","","","","","","",""
"","","","","","","","",""
"","","","","","","","",""
"","","","","","","","",""
"","","","","","","","",""
"","","","","","","","",""
"","","","","","","","",""
"","","","","","","","",""
"","","","","","","","",""
"","","","","","","","",""
"","","","","","","","",""
"","","","","","","","",""
"","","","","","","","",""
"","","","","","","","",""
"","","","","","","","",""
"","","","","","","","",""
"","","","","","","","",""
"","","","","","","","",""
"","","","","","","","",""
"","","","","","","","",""
"","","","","","","","",""
"","","","","","","","",""
"","","","","","","","",""
"","","","","","","","",""
"","","","","","","","",""
"","","","","","","","",""
"","","","","","","","",""
"","","","","","","","",""
"","","","","","","","",""
"","","","","","","","",""
"","","","","","","","",""
"","","","","","","","",""
"","","","","","","","",""
"","","","","","","","",""
"","","","","","","","",""
"","","","","","","","",""
"","","","","","","","",""
"","","","","","","","",""
"","","","","","","","",""
"","","","","","","","",""
"","","","","","","","",""
"","","","","","","","",""
"","","","","","","","",""
"","","","","","","","",""
"","","","","","","","",""
"","","","","","","","",""
"","","","","","","","",""
"","","","","","","","",""
"","","","","","","","",""
"","","","","","","","",""
"","","","","","","","",""
"","","","","","","","",""
"","","","","","","","",""
"","","","","","","","",""
"","","","","","","","",""
"","","","","","","","",""
"","","","","","","","",""
"","","","","","","","",""
"","","","","","","","",""
"","","","","","","","",""
"","","","","","","","",""
"","","","","","","","",""
"","","","","","","","",""
"","","","","","","","",""
"","","","","","","","",""
"","","","","","","","",""
"","","","","","","","",""
"","","","","","","","",""
"","","","","","","","",""
"","","","","","","","",""
"","","","","","","","",""
"","","","","","","","",""
"","","","","","","","",""
"","","","","","","","",""
"","","","","","","","",""
"","","","","","","","",""
"","","","","","","","",""
"","","","","","","","",""
"","","","","","","","",""
"","","","","","","","",""
"","","","","","","","",""
"","","","","","","","",""
"","","","","","","","",""
"","","","","","","","",""
"","","","","","","","",""
"","","","","","","","",""
"","","","","","","","",""
"","","","","","","","",""
"","","","","","","","",""
"","","","","","","","",""
"","","","","","","","",""
"","","","","","","","",""
"","","","","","","","",""
"","","","","","","","",""
"","","","","","","","",""
"","","","","","","","",""
"","","","","","","","",""
"","","","","","","","",""
"","","","","","","","",""
"","","","","","","","",""
"","","","","","","","",""
"","","","","","","","",""
"","","","","","","","",""
"","","","","","","","",""
"","","","","","","","",""
"","","","","","","","",""
"","","","","","","","",""
"","","","","","","","",""
"","","","","","","","",""
"","","","","","","","",""
"","","","","","","","",""
"","","","","","","","",""
"","","","","","","","",""
"","","","","","","","",""
"","","","","","","","",""
"","","","","","","","",""
"","","","","","","","",""
"","","","","","","","",""
"","","","","","","","",""
"","","","","","","","",""
"","","","","","","","",""
"","","","","","","","",""
"","","","","","","","",""
"","","","","","","","",""
"","","","","","","","",""
"","","","","","","","",""
"","","","","","","","",""
"","","","","","","","",""
"","","","","","","","",""
"","","","","","","","",""
"","","","","","","","",""
"","","","","","","","",""
"","","","","","","","",""
"","","","","","","","",""
"","","","","","","","",""
"","","","","","","","",""
"","","","","","","","",""
"","","","","","","","",""
"","","","","","","","",""
"","","","","","","","",""
"","","","","","","","",""
"","","","","","","","",""
"","","","","","","","",""
"","","","","","","","",""
"","","","","","","","",""
"","","","","","","","",""
"","","","","","","","",""
"","","","","","","","",""
"","","","","","","","",""
"","","","","","","","",""
"","","","","","","","",""
"","","","","","","","",""
"","","","","","","","",""
"","","","","","","","",""
"","","","","","","","",""
"","","","","","","","",""
"","","","","","","","",""
"","","","","","","","",""
"","","","","","","","",""
"","","","","","","","",""
"","","","","","","","",""
"","","","","","","","",""
"","","","","","","","",""
"","","","","","","","",""
"","","","","","","","",""
"","","","","","","","",""
"","","","","","","","",""
"","","","","","","","",""
"","","","","","","","",""
"","","","","","","","",""
"","","","","","","","",""
"","","","","","","","",""
"","","","","","","","",""
"","","","","","","","",""
"","","","","","","","",""
"","","","","","","","",""
"","","","","","","","",""
"","","","","","","","",""
"","","","","","","","",""
"","","","","","","","",""
"","","","","","","","",""
"","","","","","","","",""
"","","","","","","","",""
"","","","","","","","",""
"","","","","","","","",""
"","","","","","","","",""
"","","","","","","","",""
"","","","","","","","",""
"","","","","","","","",""
"","","","","","","","",""
"","","","","","","","",""
"","","","","","","","",""
"","","","","","","","",""
"","","","","","","","",""
"","","","","","","","",""
"","","","","","","","",""
"","","","","","","","",""
"","","","","","","","",""
"","","","","","","","",""
"","","","","","","","",""
"","","","","","","","",""
"","","","","","","","",""
"","","","","","","","",""
"","","","","","","","",""
"","","","","","","","",""
"","","","","","","","",""
"","","","","","","","",""
"","","","","","","","",""
"","","","","","","","",""
"","","","","","","","",""
"","","","","","","","",""
"","","","","","","","",""
"","","","","","","","",""
"","","","","","","","",""
"","","","","","","","",""
"","","","","","","","",""
"","","","","","","","",""
"","","","","","","","",""
"","","","","","","","",""
"","","","","","","","",""
"","","","","","","","",""
"","","","","","","","",""
"","","","","","","","",""
"","","","","","","","",""
"","","","","","","","",""
"","","","","","","","",""
"","","","","","","","",""
"","","","","","","","",""
"","","","","","","","",""
"","","","","","","","",""
"","","","","","","","",""
"","","","","","","","",""
"","","","","","","","",""
"","","","","","","","",""
"","","","","","","","",""
"","","","","","","","",""
"","","","","","","","",""
"","","","","","","","",""
"","","","","","","","",""
"","","","","","","","",""
"","","","","","","","",""
"","","","","","","","",""
"","","","","","","","",""
"","","","","","","","",""
